Mahalle,Eski ad veya yazım,SEO URL,Hedef sorgu,İndeks politikası
"Akbaba","","https://darendeotokurtarici.com/darende-mahalleleri/akbaba-cekici/","Akbaba çekici | Akbaba oto kurtarma","noindex,follow"
"Akçatoprak","Akça Toprak","https://darendeotokurtarici.com/darende-mahalleleri/akcatoprak-cekici/","Akçatoprak çekici | Akçatoprak oto kurtarma","noindex,follow"
"Akova","","https://darendeotokurtarici.com/darende-mahalleleri/akova-cekici/","Akova çekici | Akova oto kurtarma","noindex,follow"
"Ayvalı","","https://darendeotokurtarici.com/darende-mahalleleri/ayvali-cekici/","Ayvalı çekici | Ayvalı oto kurtarma","noindex,follow"
"Ağılbaşı","","https://darendeotokurtarici.com/darende-mahalleleri/agilbasi-cekici/","Ağılbaşı çekici | Ağılbaşı oto kurtarma","noindex,follow"
"Ağılyazı","","https://darendeotokurtarici.com/darende-mahalleleri/agilyazi-cekici/","Ağılyazı çekici | Ağılyazı oto kurtarma","noindex,follow"
"Aşağıulupınar","Ulupınar","https://darendeotokurtarici.com/darende-mahalleleri/asagiulupinar-cekici/","Aşağıulupınar çekici | Aşağıulupınar oto kurtarma","noindex,follow"
"Balaban","","https://darendeotokurtarici.com/darende-mahalleleri/balaban-cekici/","Balaban çekici | Balaban oto kurtarma","noindex,follow"
"Barındır","","https://darendeotokurtarici.com/darende-mahalleleri/barindir-cekici/","Barındır çekici | Barındır oto kurtarma","noindex,follow"
"Baytarbağı","","https://darendeotokurtarici.com/darende-mahalleleri/baytarbagi-cekici/","Baytarbağı çekici | Baytarbağı oto kurtarma","noindex,follow"
"Başdirek","Palanga","https://darendeotokurtarici.com/darende-mahalleleri/basdirek-cekici/","Başdirek çekici | Başdirek oto kurtarma","noindex,follow"
"Başkaya","","https://darendeotokurtarici.com/darende-mahalleleri/baskaya-cekici/","Başkaya çekici | Başkaya oto kurtarma","noindex,follow"
"Beybağı","","https://darendeotokurtarici.com/darende-mahalleleri/beybagi-cekici/","Beybağı çekici | Beybağı oto kurtarma","noindex,follow"
"Çaybaşı","","https://darendeotokurtarici.com/darende-mahalleleri/caybasi-cekici/","Çaybaşı çekici | Çaybaşı oto kurtarma","noindex,follow"
"Çınar","","https://darendeotokurtarici.com/darende-mahalleleri/cinar-cekici/","Çınar çekici | Çınar oto kurtarma","noindex,follow"
"Çukurkaya","","https://darendeotokurtarici.com/darende-mahalleleri/cukurkaya-cekici/","Çukurkaya çekici | Çukurkaya oto kurtarma","noindex,follow"
"Gaziköy","","https://darendeotokurtarici.com/darende-mahalleleri/gazikoy-cekici/","Gaziköy çekici | Gaziköy oto kurtarma","noindex,follow"
"Gökçeören","","https://darendeotokurtarici.com/darende-mahalleleri/gokceoren-cekici/","Gökçeören çekici | Gökçeören oto kurtarma","noindex,follow"
"Gökyar","","https://darendeotokurtarici.com/darende-mahalleleri/gokyar-cekici/","Gökyar çekici | Gökyar oto kurtarma","noindex,follow"
"Göllüce","","https://darendeotokurtarici.com/darende-mahalleleri/golluce-cekici/","Göllüce çekici | Göllüce oto kurtarma","noindex,follow"
"Güdül","","https://darendeotokurtarici.com/darende-mahalleleri/gudul-cekici/","Güdül çekici | Güdül oto kurtarma","noindex,follow"
"Günerli","","https://darendeotokurtarici.com/darende-mahalleleri/gunerli-cekici/","Günerli çekici | Günerli oto kurtarma","noindex,follow"
"Günpınar","","https://darendeotokurtarici.com/darende-mahalleleri/gunpinar-cekici/","Günpınar çekici | Günpınar oto kurtarma","noindex,follow"
"Hacıderviş","","https://darendeotokurtarici.com/darende-mahalleleri/hacidervis-cekici/","Hacıderviş çekici | Hacıderviş oto kurtarma","noindex,follow"
"Hacılar Sıragoz","","https://darendeotokurtarici.com/darende-mahalleleri/hacilar-siragoz-cekici/","Hacılar Sıragoz çekici | Hacılar Sıragoz oto kurtarma","noindex,follow"
"Hacılar Şeyhli","","https://darendeotokurtarici.com/darende-mahalleleri/hacilar-seyhli-cekici/","Hacılar Şeyhli çekici | Hacılar Şeyhli oto kurtarma","noindex,follow"
"Hacolar","","https://darendeotokurtarici.com/darende-mahalleleri/hacolar-cekici/","Hacolar çekici | Hacolar oto kurtarma","noindex,follow"
"Heyiketeği","","https://darendeotokurtarici.com/darende-mahalleleri/heyiketegi-cekici/","Heyiketeği çekici | Heyiketeği oto kurtarma","noindex,follow"
"Hisarcık","","https://darendeotokurtarici.com/darende-mahalleleri/hisarcik-cekici/","Hisarcık çekici | Hisarcık oto kurtarma","noindex,follow"
"Hisarkale","","https://darendeotokurtarici.com/darende-mahalleleri/hisarkale-cekici/","Hisarkale çekici | Hisarkale oto kurtarma","noindex,follow"
"Ilıca","","https://darendeotokurtarici.com/darende-mahalleleri/ilica-cekici/","Ilıca çekici | Ilıca oto kurtarma","noindex,follow"
"Irmaklı","","https://darendeotokurtarici.com/darende-mahalleleri/irmakli-cekici/","Irmaklı çekici | Irmaklı oto kurtarma","noindex,follow"
"Kaldırım","","https://darendeotokurtarici.com/darende-mahalleleri/kaldirim-cekici/","Kaldırım çekici | Kaldırım oto kurtarma","noindex,follow"
"Karabacak","","https://darendeotokurtarici.com/darende-mahalleleri/karabacak-cekici/","Karabacak çekici | Karabacak oto kurtarma","noindex,follow"
"Karabayır","","https://darendeotokurtarici.com/darende-mahalleleri/karabayir-cekici/","Karabayır çekici | Karabayır oto kurtarma","noindex,follow"
"Karaoğuz","","https://darendeotokurtarici.com/darende-mahalleleri/karaoguz-cekici/","Karaoğuz çekici | Karaoğuz oto kurtarma","noindex,follow"
"Kavak","","https://darendeotokurtarici.com/darende-mahalleleri/kavak-cekici/","Kavak çekici | Kavak oto kurtarma","noindex,follow"
"Kaynak","","https://darendeotokurtarici.com/darende-mahalleleri/kaynak-cekici/","Kaynak çekici | Kaynak oto kurtarma","noindex,follow"
"Kerimli","","https://darendeotokurtarici.com/darende-mahalleleri/kerimli-cekici/","Kerimli çekici | Kerimli oto kurtarma","noindex,follow"
"Kılıçbağı","","https://darendeotokurtarici.com/darende-mahalleleri/kilicbagi-cekici/","Kılıçbağı çekici | Kılıçbağı oto kurtarma","noindex,follow"
"Kölükler","","https://darendeotokurtarici.com/darende-mahalleleri/kolukler-cekici/","Kölükler çekici | Kölükler oto kurtarma","noindex,follow"
"Kurudere","","https://darendeotokurtarici.com/darende-mahalleleri/kurudere-cekici/","Kurudere çekici | Kurudere oto kurtarma","noindex,follow"
"Kuzpınar","","https://darendeotokurtarici.com/darende-mahalleleri/kuzpinar-cekici/","Kuzpınar çekici | Kuzpınar oto kurtarma","noindex,follow"
"Medişeyh","","https://darendeotokurtarici.com/darende-mahalleleri/mediseyh-cekici/","Medişeyh çekici | Medişeyh oto kurtarma","noindex,follow"
"Mehmetpaşa","","https://darendeotokurtarici.com/darende-mahalleleri/mehmetpasa-cekici/","Mehmetpaşa çekici | Mehmetpaşa oto kurtarma","noindex,follow"
"Mullauşağı","Mollauşağı","https://darendeotokurtarici.com/darende-mahalleleri/mullausagi-cekici/","Mullauşağı çekici | Mullauşağı oto kurtarma","noindex,follow"
"Nadir","","https://darendeotokurtarici.com/darende-mahalleleri/nadir-cekici/","Nadir çekici | Nadir oto kurtarma","noindex,follow"
"Nurkuyusu","","https://darendeotokurtarici.com/darende-mahalleleri/nurkuyusu-cekici/","Nurkuyusu çekici | Nurkuyusu oto kurtarma","noindex,follow"
"Ozan","","https://darendeotokurtarici.com/darende-mahalleleri/ozan-cekici/","Ozan çekici | Ozan oto kurtarma","noindex,follow"
"Sakarya","","https://darendeotokurtarici.com/darende-mahalleleri/sakarya-cekici/","Sakarya çekici | Sakarya oto kurtarma","noindex,follow"
"Sandıkkaya","","https://darendeotokurtarici.com/darende-mahalleleri/sandikkaya-cekici/","Sandıkkaya çekici | Sandıkkaya oto kurtarma","noindex,follow"
"Sayfiye","","https://darendeotokurtarici.com/darende-mahalleleri/sayfiye-cekici/","Sayfiye çekici | Sayfiye oto kurtarma","noindex,follow"
"Sungur","","https://darendeotokurtarici.com/darende-mahalleleri/sungur-cekici/","Sungur çekici | Sungur oto kurtarma","noindex,follow"
"Üçpınar","","https://darendeotokurtarici.com/darende-mahalleleri/ucpinar-cekici/","Üçpınar çekici | Üçpınar oto kurtarma","noindex,follow"
"Uzunhasan","Uzun Hasan","https://darendeotokurtarici.com/darende-mahalleleri/uzunhasan-cekici/","Uzunhasan çekici | Uzunhasan oto kurtarma","noindex,follow"
"Yarımca","","https://darendeotokurtarici.com/darende-mahalleleri/yarimca-cekici/","Yarımca çekici | Yarımca oto kurtarma","noindex,follow"
"Yavuzlar","Gedikağzı","https://darendeotokurtarici.com/darende-mahalleleri/yavuzlar-cekici/","Yavuzlar çekici | Yavuzlar oto kurtarma","noindex,follow"
"Yazıköy","","https://darendeotokurtarici.com/darende-mahalleleri/yazikoy-cekici/","Yazıköy çekici | Yazıköy oto kurtarma","noindex,follow"
"İbrahimpaşa","","https://darendeotokurtarici.com/darende-mahalleleri/ibrahimpasa-cekici/","İbrahimpaşa çekici | İbrahimpaşa oto kurtarma","noindex,follow"
"Yenice","","https://darendeotokurtarici.com/darende-mahalleleri/yenice-cekici/","Yenice çekici | Yenice oto kurtarma","noindex,follow"
"Yeniköy","","https://darendeotokurtarici.com/darende-mahalleleri/yenikoy-cekici/","Yeniköy çekici | Yeniköy oto kurtarma","noindex,follow"
"Yenipınar","","https://darendeotokurtarici.com/darende-mahalleleri/yenipinar-cekici/","Yenipınar çekici | Yenipınar oto kurtarma","noindex,follow"
"Yeşiltaş","","https://darendeotokurtarici.com/darende-mahalleleri/yesiltas-cekici/","Yeşiltaş çekici | Yeşiltaş oto kurtarma","noindex,follow"
"Yukarıulupınar","Yukarı Ulupınar","https://darendeotokurtarici.com/darende-mahalleleri/yukariulupinar-cekici/","Yukarıulupınar çekici | Yukarıulupınar oto kurtarma","noindex,follow"
"Zaviye","","https://darendeotokurtarici.com/darende-mahalleleri/zaviye-cekici/","Zaviye çekici | Zaviye oto kurtarma","noindex,follow"
"Şendere","","https://darendeotokurtarici.com/darende-mahalleleri/sendere-cekici/","Şendere çekici | Şendere oto kurtarma","noindex,follow"
"Şuğul","","https://darendeotokurtarici.com/darende-mahalleleri/sugul-cekici/","Şuğul çekici | Şuğul oto kurtarma","noindex,follow"
